index,index_x,index_y,pos_x,pos_y,disp_x,disp_y,strain_xx,strain_yy,strain_xy
0,0,0,354.0,460.0,0.20245836674027706,-3.8789619864980542,-0.001228018993684824,0.008286888130993724,-0.0007402477262069377
1,0,1,354.0,480.0,0.1424087637604505,-3.7156122952302986,-0.0007438934085455323,0.008123967881296065,-0.00046744877637530554
2,0,2,354.0,500.0,0.0982515750271879,-3.555447281493627,-0.000388248205355197,0.007988845814363935,-0.00017936566010365472
3,0,3,354.0,520.0,0.06794592247177005,-3.397393561124103,-0.0001402548019408131,0.00790523997436379,9.22528912281903e-05
4,0,4,354.0,540.0,0.04958680526443003,-3.240507127027962,1.892765102768715e-05,0.007866574711289532,0.00034366850010598027
5,0,5,354.0,560.0,0.04140140082695003,-3.083967330344646,0.00010621824602251239,0.007866626566906709,0.0005718993941527103
6,0,6,354.0,580.0,0.04174536584525852,-2.9270708616098364,0.000136689250432033,0.007899515438443538,0.0007746643980848445
7,0,7,354.0,600.0,0.04909913728202753,-2.7692257319184845,0.00012364795431534748,0.007959696909088251,0.0009503306047982129
8,0,8,354.0,620.0,0.06206423338926984,-2.609945254087862,7.872373191387354e-05,0.008041955644096916,0.0010978641601314656
9,0,9,354.0,640.0,0.07935955472093606,-2.4488420238205846,1.1958915932905921e-05,0.008141399755681317,0.0012167836511407953
10,0,10,354.0,660.0,0.09981768514551187,-2.2856219008676533,-6.809764958303177e-05,0.008253456044213755,0.0013071156404134924
11,0,11,354.0,680.0,0.12238119285861514,-2.120077990191486,-0.00015429527764970535,0.008373866027653526,0.0013693519390576073
12,0,12,354.0,700.0,0.14609893139559332,-1.9520846231289597,-0.00024078502415927975,0.00849868267546622,0.0014044082585244484
13,0,13,354.0,720.0,0.17012234064412018,-1.7815913385544413,-0.00032292271218619485,0.008624267767674216,0.0014135839263491505
14,0,14,354.0,740.0,0.19370174785679362,-1.6086168640428247,-0.00039717176752281986,0.008747289804043292,0.0013985223932432523
15,0,15,354.0,760.0,0.21618266866373206,-1.4332430970325678,-0.00046100611466545646,0.008864722392778242,0.0013611722987224623
16,0,16,354.0,780.0,0.23700210808517252,-1.2556090859887274,-0.0005128132818417922,0.008973843052466589,0.001303748899621779
17,0,17,354.0,800.0,0.255684861544067,-1.0759050115659952,-0.0005517977840101553,0.00907223236537678,0.0012286957004289747
18,0,18,354.0,820.0,0.27183981587868,-0.8943661677717342,-0.0005778847921456223,0.009157773424584516,0.001138646156356655
19,0,19,354.0,840.0,0.2851562503551858,-0.7112669431290134,-0.0005916240536359308,0.00922865152176747,0.0010363853494743183
20,0,20,354.0,860.0,0.2954001376802654,-0.5269148018396448,-0.0005940940003182849,0.009283354026875957,0.0009248115650374833
21,0,21,354.0,880.0,0.30241044501370407,-0.3416442649472201,-0.0005868059656752985,0.009320670415254277,0.0008068977193732666
22,0,22,354.0,900.0,0.3060954349809878,-0.1558108915001439,-0.0005716084290498419,0.009339692402154003,0.0006856526123216533
23,0,23,354.0,920.0,0.3064289666859015,0.030214740285327862,-0.0005505912105144738,0.00933981414894793,0.000564081996278476
24,0,24,354.0,940.0,0.3034467967231253,0.21605305186205448,-0.0005259895533165552,0.009320732509720342,0.0004451494703478481
25,0,25,354.0,960.0,0.297242880190832,0.401321483188971,-0.0005000880496940688,0.009282447291276252,0.00033173722198339106
26,0,26,354.0,980.0,0.28796567170328463,0.5856405115680569,-0.0004751243883973033,0.009225261503979188,0.00022660664978155692
27,0,27,354.0,1000.0,0.27581442640343284,0.7686396704812956,-0.000453192926532864,0.009149781585194297,0.00013235890978678493
28,0,28,354.0,1020.0,0.261035500975511,0.949963568427642,-0.0004361481124508066,0.009056917581480594,5.139543377504239e-05
29,0,29,354.0,1040.0,0.2439186546576347,1.129277907759985,-0.0004255078083961611,0.008947883280042913,-1.4121528498634093e-05
30,0,30,354.0,1060.0,0.22479335025439806,1.3062755035221127,-0.00042235657962252454,0.008824196284321514,-6.230829017092001e-05
31,0,31,354.0,1080.0,0.2040250551494712,1.4806823022856745,-0.0004272490286954351,0.008687678032964182,-9.159898000019361e-05
32,0,32,354.0,1100.0,0.18201154231819705,1.652263400987148,-0.00044011325787322864,0.008540453765792553,-0.00010078461994139634
33,0,33,354.0,1120.0,0.15917919134018876,1.8208290657648,-0.00046015453682084136,0.008384952444741635,-8.905198738555766e-05
34,0,34,354.0,1140.0,0.1359792894119268,1.986240750795654,-0.0004857592355660349,0.008223906642118467,-5.602223130541681e-05
35,0,35,354.0,1160.0,0.11288433235935619,2.1484171171324524,-0.0005143990516234556,0.008060352412892631,-1.7892235596621792e-06
36,0,36,354.0,1180.0,0.09038432565048342,2.307340051540618,-0.0005425355136694436,0.007897629172099095,7.304235879441698e-05
37,0,37,354.0,1200.0,0.06898308540797417,2.4630606853352255,-0.0005655246801248704,0.007739379602799713,0.0001673192071411016
38,0,38,354.0,1220.0,0.0491945394217499,2.615705413217957,-0.0005775218675738639,0.007589549624417916,0.00027930177808834134
39,0,39,354.0,1240.0,0.031539028161585374,2.7654819121140735,-0.0005713861391892861,0.007452388455627475,0.000406626858214404
40,0,40,354.0,1260.0,0.016539605789705786,2.912685160009371,-0.0005385841553296414,0.0073324488103435155,0.0005462702166534034
41,0,41,354.0,1280.0,0.004718341173383829,3.0577034547871547,-0.0004690928352932202,0.007234587269730756,0.0006945092378501458
42,0,42,354.0,1300.0,-0.003407381102463023,3.2010244330651956,-0.0003513000989424603,0.007163964877510947,0.0008468853966907217
43,0,43,354.0,1320.0,-0.007328559722675362,3.343241089032696,-0.0001719027476209833,0.0071260480102193725,0.0009981664054965376
44,0,44,354.0,1340.0,-0.006548275629254682,3.485057793287252,8.419969644407111e-05,0.007126609578426038,0.0011423078270653532
45,0,45,354.0,1360.0,-0.0005853910087662009,3.6272963116718264,0.0004340166461539404,0.0071479275385915465,0.0012666160007096454
46,1,0,374.0,460.0,0.1809653448012501,-3.853887664594341,-0.0009181152396940418,0.008390102199508951,-0.001164292676952049
47,1,1,374.0,480.0,0.12885784056777935,-3.689108554587746,-0.0006088703576694816,0.00816260460640551,-0.0006307483045906802
48,1,2,374.0,500.0,0.0903094640148007,-3.528807177981838,-0.00040400586214524585,0.007970594747158383,-0.00022284906635883377
49,1,3,374.0,520.0,0.0636808024099209,-3.3715980269695534,-0.0002845329680362823,0.007844728877928945,6.355718332704799e-05
50,1,4,374.0,540.0,0.04742824100754696,-3.21626206346338,-0.00023327056857197942,0.007776658824907504,0.00025155789134458534
51,1,5,374.0,560.0,0.04010210786575337,-3.061738782798685,-0.00023483152233451935,0.007758475917943491,0.0003616388213887269
52,1,6,374.0,580.0,0.040344818663149484,-2.9071182774370254,-0.00027557989896276997,0.007782703138306528,0.00041182487619798725
53,1,7,374.0,600.0,0.04688902151574679,-2.7516333006694675,-0.0003435671512007528,0.007842288437540855,0.0004178180393926048
54,1,8,374.0,620.0,0.05855574179382633,-2.5946513303199157,-0.0004284536792223401,0.007930599110793505,0.0003931331635082584
55,1,9,374.0,640.0,0.07425252693880585,-2.435666632448424,-0.0005214209291140037,0.008041417113806897,0.00034923223048910804
56,1,10,374.0,660.0,0.09297159128010729,-2.274292325054521,-0.0006150780109475043,0.0081689352185796,0.0002956576168018454
57,1,11,374.0,680.0,0.11378796085202393,-2.1102524417805246,-0.0007033658229264136,0.00830775390851183,0.00024016480743608125
58,1,12,374.0,700.0,0.13585761821058795,-1.9433739956148606,-0.000781460816546547,0.008452878919663315,0.00018885492137655973
59,1,13,374.0,720.0,0.1584156472504371,-1.773579042595394,-0.0008456798234728874,0.00859971934056538,0.00014630733566116505
60,1,14,374.0,740.0,0.18077437802168322,-1.6008767455127384,-0.0008933867778066209,0.00874408618883994,0.000115712625881023
61,1,15,374.0,760.0,0.20232153154677818,-1.425355437613576,-0.0009229016974975275,0.008882191388689922,9.900597793167618e-05
62,1,16,374.0,780.0,0.2225183646373822,-1.24717468630398,-0.0009334119257514877,0.009010647079139882,9.700116898968499e-05
63,1,17,374.0,800.0,0.2408978147112305,-1.0665573568527362,-0.0009248853672924362,0.009126465188716747,0.00010952516506507303
64,1,18,374.0,820.0,0.25706264460900136,-0.8837816760946571,-0.000897985275164602,0.009227057218072413,0.0001355533380689524
65,1,19,374.0,840.0,0.27068358741118254,-0.6991732961339095,-0.000853986041307099,0.009310234177863533,0.0001733452671348751
66,1,20,374.0,860.0,0.2814974912549392,-0.513097358047326,-0.0007946894083002704,0.009374206635015113,0.00022058105694498027
67,1,21,374.0,880.0,0.2893054641509812,-0.3259505555877314,-0.0007223405403744219,0.009417584826307255,0.00027449808003465433
68,1,22,374.0,900.0,0.2939710188004298,-0.13815319888725688,-0.0006395434588887172,0.009439378804036861,0.00033202803048498823
69,1,23,374.0,920.0,0.2954182174116861,0.049858721839334603,-0.0005491754509328651,0.009438998584318105,0.00038993416305872937
70,1,24,374.0,940.0,0.29362981651729697,0.23764147259133353,-0.0004543001893795489,0.009416254274398005,0.00044494858469418713
71,1,25,374.0,960.0,0.28864541179082387,0.42475151187876076,-0.00035807944852322726,0.009371356161175615,0.0004939094643413871
72,1,26,374.0,980.0,0.28055958286370875,0.6107534270190502,-0.0002636834512826588,0.00930491474892578,0.0005338980324069005
73,1,27,374.0,1000.0,0.2695200381421418,0.7952278704337251,-0.00017420003172375403,0.009217940740040861,0.0005623752525671163
74,1,28,374.0,1020.0,0.25572575962392996,0.9777794959450846,-9.254293027650724e-05,0.009111844958415634,0.0005773180664150465
75,1,29,374.0,1040.0,0.2394251477153624,1.1580448950728779,-2.13596483787195e-05,0.008988438220913417,0.0005773551353225842
76,1,30,374.0,1060.0,0.22091416604807868,1.3357005333309877,3.706063571916962e-05,0.0088499311681638,0.000561902034028982
77,1,31,374.0,1080.0,0.20053448629593634,1.510470686524109,8.087855770642115e-05,0.00869893407175416,0.0005312958868063341
78,1,32,374.0,1100.0,0.17867163299187763,1.682135377044432,0.00010879495624538767,0.008538456640689899,0.00048692947960498267
79,1,33,374.0,1120.0,0.1557531283447975,1.850538310168318,0.0001201397406651775,0.008371907855810693,0.00043138493034564453
80,1,34,374.0,1140.0,0.13224663705641,2.015594810352984,0.00011495898109864995,0.00820309586666206,0.00036856705450015047
81,1,35,374.0,1160.0,0.1086581111381166,2.1772997575331794,9.410021309561948e-05,0.008036227991134052,0.00030383662428994085
82,1,36,374.0,1180.0,0.08552993472787265,2.335735523417869,5.92962919384953e-05,0.007875910863991331,0.00024414378723025884
83,1,37,374.0,1200.0,0.06343906890705535,2.4910799077869132,1.3248580121870088e-05,0.007727150786230731,0.00019816198335845014
84,1,38,374.0,1220.0,0.04299519651733042,2.6436140747877452,-4.028918516786097e-05,0.00759535433301532,0.0001764227803068822
85,1,39,374.0,1240.0,0.024838866977520115,2.79373048923205,-9.642430912484815e-05,0.007486329283746275,0.00019145213141488312
86,1,40,374.0,1260.0,0.009639641100469973,2.9419408528924524,-0.00014903298155301712,0.007406285943645362,0.0002579086543198598
87,1,41,374.0,1280.0,-0.0019057640900835907,3.088884040799194,-0.0001906587154771223,0.0073618389320337175,0.0003927246259246144
88,1,42,374.0,1300.0,-0.009075330542646072,3.235334037536809,-0.0002123964284497316,0.00736000951830568,0.0006152504943073233
89,1,43,374.0,1320.0,-0.011123594361097498,3.382207873540807,-0.00020375592232882718,0.007408228592407652,0.0009474038190206183
90,1,44,374.0,1340.0,-0.007283500987825159,3.5305735613943554,-0.00015249705103481453,0.007514340362444279,0.0014138236683195204
91,1,45,374.0,1360.0,0.0032317396131437107,3.6816580321249583,-4.4427213705562354e-05,0.00765148189792491,0.0020319154589296803
92,2,0,394.0,460.0,0.16570948321284662,-3.8546425553166097,-0.0009514692312282928,0.009277299093790955,-0.0015713825473166127
93,2,1,394.0,480.0,0.11802670081095956,-3.6757951328092893,-0.0006898116652099454,0.008693262446316666,-0.000839874545609682
94,2,2,394.0,500.0,0.08206050981632058,-3.5084972291833703,-0.0005310216956777005,0.008183973250366489,-0.0003380958440023406
95,2,3,394.0,520.0,0.05653467572325299,-3.349811782963704,-0.0004564439644872012,0.007814640824126149,-3.43801011543567e-05
96,2,4,394.0,540.0,0.04023138528368876,-3.1971452180991413,-0.0004488244723324083,0.007568138488285277,0.00011412888252389225
97,2,5,394.0,560.0,0.03199106913682248,-3.048230662939534,-0.0004924935421927106,0.007428265838574336,0.000145132211949157
98,2,6,394.0,580.0,0.030712224438764608,-2.901111169212709,-0.0005734466171026197,0.007379727876175397,9.149716027785378e-05
99,2,7,394.0,600.0,0.03535123749219529,-2.7541229310014823,-0.0006793509550269431,0.00740811796553948,-1.8439743908302564e-05
100,2,8,394.0,620.0,0.044922206376017834,-2.6058785037206325,-0.0007995009910243989,0.0074999041759575575,-0.0001605840430842521
101,2,9,394.0,640.0,0.058496763575012344,-2.4552500230939147,-0.0009247404702170352,0.0076424185878757505,-0.00031480580024622517
102,2,10,394.0,660.0,0.07520389860948944,-2.3013524241310366,-0.001047365378851863,0.007823849169588715,-0.0004646703243478035
103,2,11,394.0,680.0,0.09422978066494365,-2.143526660104662,-0.001161018179445019,0.008033233854586767,-0.0005971747406679158
104,2,12,394.0,700.0,0.11481758122170722,-1.9813229215274013,-0.001260580854137843,0.008260456474477545,-0.0007024883633404527
105,2,13,394.0,720.0,0.1362672966846035,-1.8144838551288038,-0.0013420717424687191,0.008496244227043807,-0.0007736951878425885
106,2,14,394.0,740.0,0.1579355710126009,-1.6429277828323496,-0.0014025490902746928,0.008732166383643063,-0.0008065371541053733
107,2,15,394.0,760.0,0.1792355183484657,-1.4667319207324483,-0.001440022569882862,0.008960633964797904,-0.0007991571360725775
108,2,16,394.0,780.0,0.19963654564841718,-1.2861155980714265,-0.0014533727526338826,0.009174900137468191,-0.0007518408909958866
109,2,17,394.0,800.0,0.21866417531177917,-1.1014234762165278,-0.0014422775775985962,0.009369061112139802,-0.0006667574515142824
110,2,18,394.0,820.0,0.23589986781063543,-0.9131087676368976,-0.0014071442296041904,0.00953805734250722,-0.0005476976656228783
111,2,19,394.0,840.0,0.2509808443194825,-0.7217164548805837,-0.0013490444798786607,0.009677674855170468,-0.0003998107839921249
112,2,20,394.0,860.0,0.2635999093448827,-0.5278665095515254,-0.0012696514182521062,0.00978454656141014,-0.0002293391607520671
113,2,21,394.0,880.0,0.2735052733551196,-0.3322371112865508,-0.001171175581420313,0.00985615342774672,-4.335127280790358e-05
114,2,22,394.0,900.0,0.28050037540984923,-0.13554786673236513,-0.001056298721781116,0.009890825406633648,0.00015052662599707438
115,2,23,394.0,920.0,0.28444370578975525,0.06145697147745117,-0.0009281038302968432,0.009887742053276706,0.0003443798160075163
116,2,24,394.0,940.0,0.28524862862620276,0.2580252857454539,-0.000790000489217347,0.009846932779215034,0.000530274932461379
117,2,25,394.0,960.0,0.28288320453089,0.4534138745333358,-0.0006456451508178992,0.009769276717942374,0.0007005298119215331
118,2,26,394.0,980.0,0.2773700132255048,0.6469052333849399,-0.0004988564810645493,0.009656502202489778,0.0008479828801385168
119,2,27,394.0,1000.0,0.26878597617137545,0.8378243359492591,-0.00035352643681748155,0.009511185879534293,0.0009662616243095793
120,2,28,394.0,1020.0,0.2572621791991261,1.0255554150034496,-0.00021352822631942944,0.0093367515092411,0.001050049747661399
121,2,29,394.0,1040.0,0.2429836951383292,1.2095587434758326,-8.262269979296267e-05,0.009137468524689217,0.0010953526869480266
122,2,30,394.0,1060.0,0.22618940644716054,1.3893874154689034,3.563500551325529e-05,0.008918450449374622,0.001099761283821674
123,2,31,394.0,1080.0,0.20717182784205118,1.5647041272823385,0.0001379866190327636,0.00868565329592664,0.001062713539102032
124,2,32,394.0,1100.0,0.1862769289273419,1.7352979584359995,0.00022155781065073916,0.008445874093817394,0.0009857545447401737
125,2,33,394.0,1120.0,0.1639039568249373,1.901101152692941,0.00028393960000376996,0.008206749718486629,0.0008727948817449665
126,2,34,394.0,1140.0,0.1405052588039582,2.06220589908242,0.0003232630725008481,0.007976756218946961,0.0007303679935138646
127,2,35,394.0,1160.0,0.11658610491039627,2.2188811129229,0.00033826722603680484,0.00776520886557803,0.00056788729288648
128,2,36,394.0,1180.0,0.09270451059676696,2.371589216845054,0.0003283609577087,0.007582263164461432,0.00039790403781662925
129,2,37,394.0,1200.0,0.06947105935176369,2.521002921814781,0.0002936817532429029,0.007438917109249853,0.00023636731483936177
130,2,38,394.0,1220.0,0.047548725329910994,2.6680220081562034,0.0002351555987961764,0.0073470149662082165,0.00010288780149096755
131,2,39,394.0,1240.0,0.027652695981218202,2.813790106574677,0.00015456503080726083,0.007319252912707378,2.100733852388765e-05
132,2,40,394.0,1260.0,0.010550194680833229,2.959711479179796,5.4635110146336524e-05,0.007369186874093355,1.8476730144652347e-05
133,2,41,394.0,1280.0,-0.0029396966413040033,3.1074678005084038,-6.084951256226393e-05,0.007511242928498454,0.00012754460559087272
134,2,42,394.0,1300.0,-0.011946214870807883,3.259034938547601,-0.00018687934738355252,0.007760730673803102,0.00038526061815321254
135,2,43,394.0,1320.0,-0.015547093079193539,3.4166997357577404,-0.0003169850309792475,0.008133859975601882,0.0008337967282401336
136,2,44,394.0,1340.0,-0.012768737894223189,3.583076790095443,-0.00044290578387829404,0.008647761539668402,0.0015207908152764156
137,2,45,394.0,1360.0,-0.002586406870252605,3.7611252360366096,-0.0005541288591552604,0.00923671477701622,0.0024861025771359697
138,3,0,414.0,460.0,0.14288414283832718,-3.8724467367789974,-0.0014920811923430986,0.010573521802479198,-0.0017107798490574584
139,3,1,414.0,480.0,0.1012525432280155,-3.6728479866989385,-0.001089974867701222,0.009490627760402486,-0.0009424395379149867
140,3,2,414.0,500.0,0.0690483820706286,-3.494673678898257,-0.000822317201156645,0.008537298407219007,-0.00043512207947134696
141,3,3,414.0,520.0,0.04540008932397698,-3.332840111061461,-0.000668004626576338,0.00782644031584912,-0.00014463671943834363
142,3,4,414.0,540.0,0.029457271491526046,-3.182851076159488,-0.0006071360750655851,0.00732863294868295,-2.2142619507412393e-05
143,3,5,414.0,560.0,0.0203920133963459,-3.040768930344977,-0.0006213065482628523,0.0070161222946655485,-2.487547398963096e-05
144,3,6,414.0,580.0,0.017400179955061146,-2.9031856608475897,-0.0006937622698713613,0.006862763081542617,-0.00011571651497036998
145,3,7,414.0,600.0,0.019702717951800612,-2.767193953869296,-0.0008094550515470494,0.0068439719757118316,-0.00026279971709573715
146,3,8,414.0,620.0,0.026546957812147276,-2.6303582624796835,-0.0009550264541184039,0.006936690468290794,-0.0004391494979922557
147,3,9,414.0,640.0,0.03720791537708786,-2.4906858745112537,-0.0011187461009831774,0.007119356219406276,-0.0006223421623228321
148,3,10,414.0,660.0,0.05098959367696274,-2.346597980454719,-0.0012904230604213176,0.007371881706099076,-0.0007941852339012238
149,3,11,414.0,680.0,0.06722628470541556,-2.1969007413543054,-0.0014613045104938948,0.007675639092632026,-0.0009404096611164767
150,3,12,414.0,700.0,0.08528387119334328,-2.0407563567030556,-0.0016239718871755332,0.008013450315379825,-0.0010503706661658793
151,3,13,414.0,720.0,0.10456112838284563,-1.8776541323381217,-0.0017722413464041737,0.008369581447870374,-0.001116753738253198
152,3,14,414.0,740.0,0.12449102580117534,-1.7073815483360677,-0.0019010725968379887,0.00872974048493935,-0.0011352829449830174
153,3,15,414.0,760.0,0.14454202903468708,-1.5299953269081716,-0.002006487935296305,0.009081077758351918,-0.0011044293546691177
154,3,16,414.0,780.0,0.1642194015027884,-1.3457925002957236,-0.002085501594140701,0.009412188269636234,-0.0010251179251764733
155,3,17,414.0,800.0,0.18306650623188855,-1.1552814786653258,-0.0021360582422349375,0.00971311529926529,-0.0009004317222319951
156,3,18,414.0,820.0,0.2006661076293485,-0.9591531180041902,-0.002156978621619949,0.00997535472471531,-0.0007353127818685807
157,3,19,414.0,840.0,0.21664167325743114,-0.7582517880154426,-0.00214790980366312,0.010191859553320765,-0.0005362593278106423
158,3,20,414.0,860.0,0.23065867560725048,-0.5535464400134174,-0.002109277364201465,0.010357044249237193,-0.00031101939516714873
159,3,21,414.0,880.0,0.24242589387272184,-0.3461016748189624,-0.002042236860107118,0.01046678850721501,-6.828119676951387e-05
160,3,22,414.0,900.0,0.25169671572451113,-0.13704881065473412,-0.0019486222927714483,0.010518440199278944,0.00018263920212234733
161,3,23,414.0,920.0,0.25827043908398545,0.07244304895949867,-0.0018308897202434413,0.010510817293799365,0.00043211216122276996
162,3,24,414.0,940.0,0.26199357389716216,0.2811959473115591,-0.0016920547821787793,0.010444208619833407,0.0006705098369952009
163,3,25,414.0,960.0,0.26276114390865857,0.4880520066015582,-0.0015356235833702664,0.010320373423005425,0.0008885217284346308
164,3,26,414.0,980.0,0.26051798843564267,0.6919023600465993,-0.0013655170954492023,0.010142539732587864,0.0010774694694510214
165,3,27,414.0,1000.0,0.2552600641417813,0.8917160839854743,-0.0011859899353812479,0.0099154016328353,0.001229619988991584
166,3,28,414.0,1020.0,0.24703574681119192,1.086569129983367,-0.0010015450166420206,0.009645115605016007,0.0013384962641695421
167,3,29,414.0,1040.0,0.2359471331223909,1.2756732569365503,-0.0008168460974568019,0.009339296179977072,0.0013991850513831825
168,3,30,414.0,1060.0,0.2221513424222434,1.4584049631770917,-0.0006366306232376212,0.009007011214470435,0.0014086411957110185
169,3,31,414.0,1080.0,0.20586181849991417,1.6343344185775477,-0.0004656254303602192,0.008658777177859138,0.001365988389756787
170,3,32,414.0,1100.0,0.18734963136081623,1.803254396655666,-0.0003084677987047146,0.00830655490921494,0.00127281657959201
171,3,33,414.0,1120.0,0.16694477900056098,1.9652092066790874,-0.00016963396394779212,0.007963746378209085,0.001133476597503555
172,3,34,414.0,1140.0,0.14503748917890832,2.1205236257700437,-5.337648045273e-05,0.00764519305659073,0.0009553730388997747
173,3,35,414.0,1160.0,0.12207952119371615,2.269831831010062,3.632928523242786e-05,0.007367176580438378,0.0007492568939603038
174,3,36,414.0,1180.0,0.09858546765488997,2.4141063315446587,9.583079877774594e-05,0.0071474224567617565,0.0005295199934327212
175,3,37,414.0,1200.0,0.07513405625833308,2.5546869006880417,0.0001218394420759321,0.0070051076414233,0.0003144939323826123
176,3,38,414.0,1220.0,0.05236945155989596,2.693309508027816,0.00011147290340141698,0.006960872888738915,0.00012675679569360747
177,3,39,414.0,1240.0,0.031002556749326293,2.8321352515296776,6.230788377881182e-05,0.0070368408465107755,-6.548275310328539e-06
178,3,40,414.0,1260.0,0.01181231542421869,2.9737792896421182,-2.7544101244074304e-05,0.007256640943635745,-5.337786458698558e-05
179,3,41,414.0,1280.0,-0.004352986636035613,3.1213397734011203,-0.00015932060345603288,0.007645442190824573,2.356922583944532e-05
180,3,42,414.0,1300.0,-0.016574419696298914,3.278426778534858,-0.0003334294251289538,0.008229995088359508,0.00026723829164571256
181,3,43,414.0,1320.0,-0.023861108291737244,3.449191237568411,-0.0005491787931167602,0.009038683908207112,0.0007266413080636106
182,3,44,414.0,1340.0,-0.025148929453870657,3.6383538719284383,-0.0008043814719908579,0.010101590691198621,0.001457324228860413
183,3,45,414.0,1360.0,-0.019299210936623394,3.851234124047903,-0.0010947901621322243,0.011300198491786297,0.0025063898223740212
184,4,0,434.0,460.0,0.10595757257401141,-3.8984916691492777,-0.0022168789073238517,0.011908401162740275,-0.001525773530764282
185,4,1,434.0,480.0,0.074403886237675,-3.6774197150819874,-0.0016074431524317953,0.010324103618820381,-0.0008846679304336306
186,4,2,434.0,500.0,0.04914886378411668,-3.4876774686059924,-0.0011735693337086715,0.00892471766246706,-0.00046998293662987763
187,4,3,434.0,520.0,0.029795909000752994,-3.3220346141036865,-0.0008908842387259649,0.007870709634773789,-0.00023818634530466636
188,4,4,434.0,540.0,0.01593191838606297,-3.1740920727891804,-0.0007362932694753237,0.007120170598271889,-0.00014684574696698072
189,4,5,434.0,560.0,0.007129833763353653,-3.0382409476240686,-0.0006882257166312279,0.006633675488854312,-0.00015897750057418953
190,4,6,434.0,580.0,0.002951194894525479,-2.909621468233215,-0.0007267683766638745,0.0063741672592213675,-0.00024261458205840082
191,4,7,434.0,600.0,0.0029486920938377923,-2.7840819358205464,-0.0008337173190847017,0.006306863104247481,-0.000370423188698882
192,4,8,434.0,620.0,0.00666871884167437,-2.6581376680848328,-0.000992572083457784,0.006399180148645521,-0.0005193583657749004
193,4,9,434.0,640.0,0.013653924398308783,-2.52892994413547,-0.0011884917050504768,0.0066206781253585175,-0.0006703501177722924
194,4,10,434.0,660.0,0.023445766417670058,-2.3941849494082685,-0.0014082276976865554,0.006943016721163069,-0.0008080125926381641
195,4,11,434.0,680.0,0.035587063561107864,-2.2521727205812345,-0.001640045426064884,0.007339925414020746,-0.0009203699841822678
196,4,12,434.0,700.0,0.0496245481111584,-2.1016660904903586,-0.0018736421410766942,0.007787183774767369,-0.0009985937847100264
197,4,13,434.0,720.0,0.06511141858530939,-1.9418996330453975,-0.0021000672940550535,0.008262610353783215,-0.001036746937341485
198,4,14,434.0,740.0,0.08160989234976593,-1.7725286081456584,-0.0023116485529815173,0.008746058421339754,-0.001031531285222009
199,4,15,434.0,760.0,0.09869375823321572,-1.593587906595789,-0.002501925179017272,0.009219416978372837,-0.0009820354929655237
200,4,16,434.0,780.0,0.11595092914059489,-1.4054509950215544,-0.0026655890488799295,0.009666615602483991,-0.00088948132418763
201,4,17,434.0,800.0,0.13298599466685299,-1.2087888607856296,-0.0027984325911124233,0.010073631842025562,-0.0007569667978860541
202,4,18,434.0,820.0,0.1494227737107189,-1.0045289569033788,-0.0028973022057478233,0.010428500019178432,-0.000589205315707988
203,4,19,434.0,840.0,0.16490686708846583,-0.7938141469586417,-0.002960055320823407,0.010721320450983547,-0.0003922603518088654
204,4,20,434.0,860.0,0.17910821014767736,-0.5779616500195195,-0.002985519069199096,0.010944268245342567,-0.00017327572705494535
205,4,21,434.0,880.0,0.19172362538101273,-0.3584219855541613,-0.0029734486087503553,0.01109160097705562,5.9798150247934813e-05
206,4,22,434.0,900.0,0.2024793750399718,-0.13673791834654278,-0.002924483321793125,0.011159664697016757,0.0002984814041042075
207,4,23,434.0,920.0,0.21113371374866124,0.08549659658774252,-0.002840099479119567,0.011146897875741784,0.0005340442768660346
208,4,24,434.0,940.0,0.21747944111755965,0.3066774690857033,-0.002722558403837944,0.01105383303045579,0.0007577881357896496
209,4,25,434.0,960.0,0.22134645435728312,0.5252315289211614,-0.0025748496838784744,0.010883095933020722,0.0009613267723807684
210,4,26,434.0,980.0,0.2226043008923509,0.7396575808889712,-0.0024006295231097084,0.010639402444036694,0.0011368668544560966
211,4,27,434.0,1000.0,0.22116473097495,0.9485674598892293,-0.0022041548530668835,0.010329553166503873,0.0012774864481218241
212,4,28,434.0,1020.0,0.21698425029870208,1.1507270860114966,-0.001990214313885711,0.009962426260484715,0.0013774106537614802
213,4,29,434.0,1040.0,0.21006667261242762,1.345097519619009,-0.0017640576177215918,0.009548968908259431,0.0014322835966340396
214,4,30,434.0,1060.0,0.20046567233391224,1.5308760164328925,-0.0015313250942764116,0.009102188067521251,0.0014394362788095383
215,4,31,434.0,1080.0,0.18828733716367194,1.70753708261638,-0.0012979793496126688,0.008637141298210442,0.0013981501349127178
216,4,32,434.0,1100.0,0.17369272069871824,1.8748735298590273,-0.001070240909767912,0.008170928596639392,0.0013099165395062372
217,4,33,434.0,1120.0,0.15690039504632408,2.0330375304609247,-0.0008545294333521507,0.007722686318614685,0.0011786929889229783
218,4,34,434.0,1140.0,0.138189003437789,2.1825816724169176,-0.0006574115258767229,0.007313584421314461,0.0010111572249528196
219,4,35,434.0,1160.0,0.11789981284220519,2.324500014500816,-0.00048555533658554295,0.006966828401732956,0.0008169611820018495
220,4,36,434.0,1180.0,0.09643926658022192,2.460269141349612,-0.0003456909295993299,0.006707667457557596,0.0006089873231729711
221,4,37,434.0,1200.0,0.07428153693781206,2.5918892185476987,-0.0002445738587999738,0.006563410544395696,0.00040361068416360163
222,4,38,434.0,1220.0,0.05197107778003708,2.721925047711077,-0.00018894740363649556,0.006563452151323089,0.00022097076694195436
223,4,39,434.0,1240.0,0.030125177164812333,2.8535471215715815,-0.00018549650448600717,0.006739309764778244,8.525831784579008e-05
224,4,40,434.0,1260.0,0.009436509956673037,2.990572679061083,-0.0002407835349131366,0.007124675138879635,2.5022987046946823e-05
225,4,41,434.0,1280.0,-0.009324309559460647,3.1375067603957176,-0.0003611526276998316,0.007755481638297028,7.350889824240358e-05
226,4,42,434.0,1300.0,-0.025306175064518047,3.2995832621600933,-0.0005525852954243869,0.008669990067859686,0.00026902625896706113
227,4,43,434.0,1320.0,-0.037574935591512405,3.482805992391504,-0.0008204855182145309,0.009908895551139558,0.0006553683130753389
228,4,44,434.0,1340.0,-0.04511084291177543,3.6939897256641467,-0.0011693672746444547,0.011515458168298798,0.0012822841777085866
229,4,45,434.0,1360.0,-0.046805998921191985,3.9408012581733463,-0.0016024116301502592,0.013318806756988679,0.002190604871752046
230,5,0,454.0,460.0,0.05407635098931539,-3.9246388874486247,-0.0028824000290681487,0.012949436057891181,-0.0010351507382194939
231,5,1,454.0,480.0,0.036900632802968625,-3.6867612123009033,-0.00208941926590331,0.010981482386185112,-0.000663551322025598
232,5,2,454.0,500.0,0.022077435967499153,-3.487777984242627,-0.0015051491903972402,0.009241127453407917,-0.00043024105412546685
233,5,3,454.0,520.0,0.009746372049582796,-3.3188176122482957,-0.0011027840138471445,0.00792510408069085,-0.00030311142571589445
234,5,4,454.0,540.0,-6.7756491780490105e-06,-3.1720261576202193,-0.0008569798595106504,0.006981807759853147,-0.0002561958067924078
235,5,5,454.0,560.0,-0.007146495680733314,-3.040517009286533,-0.0007439649709549975,0.006362797115556643,-0.0002670066730295144
236,5,6,454.0,580.0,-0.011683992039064735,-2.9183205590992474,-0.0007415981666700993,0.006022619097739089,-0.0003162338150980137
237,5,7,454.0,600.0,-0.013673627748664869,-2.800333877132275,-0.0008293885320066134,0.005918667431285305,-0.0003874812490843849
238,5,8,454.0,620.0,-0.013209368453016379,-2.6822703869794724,-0.0009884870199370606,0.006011070381810644,-0.000467035158823516
239,5,9,454.0,640.0,-0.010421226003071292,-2.5606095410526732,-0.0012016585781008248,0.006262604119139876,-0.000543656138124849
240,5,10,454.0,660.0,-0.005471702045730057,-2.4325464958797203,-0.0014532416162889028,0.006638628182769888,-0.0006083898836847047
241,5,11,454.0,680.0,0.0014477683876791415,-2.2959417874025037,-0.0017291000611577112,0.007107039776313096,-0.000654391317923421
242,5,12,454.0,700.0,0.010120373292921162,-2.1492710062749985,-0.0020165718987393763,0.007638243840625238,-0.0006767578950752225
243,5,13,454.0,720.0,0.020307480104374734,-1.9915744731612997,-0.002304416965444975,0.008205136078028018,-0.0006723685635829978
244,5,14,454.0,740.0,0.03175219210655336,-1.822406914033652,-0.0025827657999434404,0.008783096322743713,-0.0006397255232159381
245,5,15,454.0,760.0,0.04418290484562583,-1.6417871354704936,-0.0028430705967484424,0.009349989875367072,-0.0005787965263299237
246,5,16,454.0,780.0,0.05731686254093735,-1.450147699954485,-0.003078058692764879,0.009886174641906175,-0.000490856029333631
247,5,17,454.0,800.0,0.07086371449652999,-1.248284601170548,-0.0032816885556417727,0.01037451214063074,-0.00037832400270279326
248,5,18,454.0,820.0,0.08452907151266412,-1.0373069393039012,-0.0034491079127557892,0.010800380662674296,-0.0002446016558048824
249,5,19,454.0,840.0,0.09801806229733807,-0.8185865963380946,-0.003576613447215242,0.01115168909504291,-9.390372635395081e-05
250,5,20,454.0,860.0,0.11103888987781013,-0.5937079113530435,-0.0036616113776349484,0.011418890137390468,6.891267648797913e-05
251,5,21,454.0,880.0,0.12330638801211864,-0.36441735582306906,-0.0037025782167934914,0.011594991866628051,0.00023852240151141243
252,5,22,454.0,900.0,0.13454557760060287,-0.13257320891492633,-0.003699021055852851,0.011675566826141178,0.00040930925303648625
253,5,23,454.0,920.0,0.14449522309742419,0.09990476721415227,-0.003651436830802304,0.011658758039096459,0.0005755449762288136
254,5,24,454.0,940.0,0.15291138892208625,0.33108565211842894,-0.0035612701813896594,0.011545281568025983,0.0007315694279651006
255,5,25,454.0,960.0,0.15957099587095624,0.5590776917656183,-0.0034308696952304006,0.011338425465584811,0.0008719710636696732
256,5,26,454.0,980.0,0.16427537752878574,0.7820786232388578,-0.0032634425262445723,0.011044045184084129,0.0009917668575146876
257,5,27,454.0,1000.0,0.16685383668023085,0.9984259994386656,-0.003063007572269063,0.0106705557341097,0.0010865808147094832
258,5,28,454.0,1020.0,0.16716720172137403,1.2066475137849124,-0.0028343475768352797,0.010228921105242176,0.0011528203302989097
259,5,29,454.0,1040.0,0.1651113830712439,1.4055113249187798,-0.0025829606698954117,0.009732641684602989,0.0011878497989457795
260,5,30,454.0,1060.0,0.16062092958333662,1.594076381404731,-0.0023150119669308345,0.009197740631656645,0.0011901610845896301
261,5,31,454.0,1080.0,0.15367258495713657,1.7717427464324678,-0.0020372858905897875,0.008642750390407343,0.0011595407176520477
262,5,32,454.0,1100.0,0.1442888441496369,1.9383019225189002,-0.001757139848984752,0.008088700742834992,0.0010972340005983446
263,5,33,454.0,1120.0,0.1325415097868609,2.0939871762101103,-0.0014824597852390253,0.0075591100301222545,0.0010061065701663116
264,5,34,454.0,1140.0,0.11855524857538192,2.2395238627833174,-0.001221617889013095,0.007079981390931909,0.0008908043864348843
265,5,35,454.0,1160.0,0.10251114771384504,2.376179750948838,-0.000983432417770927,0.0066798060887009935,0.0007579135951291084
266,5,36,454.0,1180.0,0.08465027130448716,2.505815347552056,-0.0007771290986702965,0.006389576222624579,0.0006161222401426632
267,5,37,454.0,1200.0,0.06527721676465853,2.630934222275386,-0.000612302956386182,0.0062428093397093945,0.00047638638820538947
268,5,38,454.0,1220.0,0.04476367123834286,2.754733332340234,-0.0004988786231081109,0.006275587687985156,0.0003521038669308742
269,5,39,454.0,1240.0,0.023551968007678246,2.8811533472089628,-0.00044706621959758055,0.006526615073667879,0.0002592995111476737
270,5,40,454.0,1260.0,0.002158642904478465,3.014928973286862,-0.00046730873575648785,0.007037294507776426,0.00021682656044878825
271,5,41,454.0,1280.0,-0.01882200927824686,3.161639278624109,-0.0005702154708479926,0.007851830050410954,0.000246589653284267
272,5,42,454.0,1300.0,-0.03871437837477109,3.327758017617732,-0.000766474502533906,0.009017356483609372,0.00037379571967589294
273,5,43,454.0,1320.0,-0.05675798243512993,3.520703955713575,-0.0010667353254535633,0.010584100666404125,0.0006272399857466885
274,5,44,454.0,1340.0,-0.07210391131360051,3.748891194108261,-0.0014814507193745769,0.012605578648409412,0.0010396352687328252
275,5,45,454.0,1360.0,-0.08381127025718081,4.021779494451162,-0.002020664559202037,0.01487102124275591,0.0016345753735440831
276,6,0,474.0,460.0,-0.00953117203321134,-3.9441186943513684,-0.003324909975929008,0.013436569890842734,-0.0003166724710848527
277,6,1,474.0,480.0,-0.009265864705172575,-3.6983433217112176,-0.0024322004339705707,0.011293105037552896,-0.0003130768178229583
278,6,2,474.0,500.0,-0.01110313772737654,-3.4949168029778734,-0.0017621274741005588,0.009397170831903818,-0.0003241483630994419
279,6,3,474.0,520.0,-0.014339860095297766,-3.3242065394013944,-0.0012874764309525229,0.007962276439854303,-0.0003365648815293862
280,6,4,474.0,540.0,-0.018362138329971734,-3.1776843593385404,-0.0009825257944744224,0.006932251019153291,-0.00034748756207655056
281,6,5,474.0,560.0,-0.0226410032925539,-3.047871870612178,-0.0008230699669454152,0.006254422919272354,-0.0003546543140087263
282,6,6,474.0,580.0,-0.026728096998879,-2.928285812870705,-0.0007864300563452968,0.0058794123777759595,-0.00035631625970805906
283,6,7,474.0,600.0,-0.03025135943402002,-2.8133834099474586,-0.0008514545866032676,0.005760963577423969,-0.00035118317570142967
284,6,8,474.0,620.0,-0.032910715366847504,-2.6985077222201577,-0.0009985117969020887,0.005855811406661637,-0.0003383761660059698
285,6,9,474.0,640.0,-0.03447376116458868,-2.579832998970293,-0.0012094750093489942,0.006123578529084145,-0.0003173860548484382
286,6,10,474.0,660.0,-0.034771451607386476,-2.454310030742571,-0.001467702366298031,0.006526698630399324,-0.0002880361773240854
287,6,11,474.0,680.0,-0.03369378670285889,-2.3196115017043137,-0.0017580120747715396,0.0070303619743472615,-0.00025044842660674446
288,6,12,474.0,700.0,-0.03118549850065797,-2.174077342004891,-0.0020666541451336063,0.00760247966196853,-0.00020501158491107444
289,6,13,474.0,720.0,-0.02724173790702904,-2.016660080135128,-0.00238127947376713,0.00821366325154926,-0.00015235112253719464
290,6,14,474.0,740.0,-0.02190376149936986,-1.8468701952867357,-0.0026909069943509556,0.008837216659504635,-9.329979500010226e-05
291,6,15,474.0,760.0,-0.015254618340789712,-1.664721469711721,-0.0029858895087760398,0.009449137525398409,-2.8868502457311457e-05
292,6,16,474.0,780.0,-0.007414836794668682,-1.4706763410818076,-0.0032578787061321333,0.010028125487228956,3.9783001596315794e-05
293,6,17,474.0,800.0,0.0014618886607833793,-1.2655912548478578,-0.0034997897858905446,0.010555595076049196,0.00011137585410330091
294,6,18,474.0,820.0,0.01119301061796754,-1.0506620165992877,-0.003705766018756738,0.01101569120192092,0.00018454248058772735
295,6,19,474.0,840.0,0.021571441925336634,-0.8273691444234872,-0.0038711435050201295,0.011395305466139153,0.0002578577611904291
296,6,20,474.0,860.0,0.03236986887283637,-0.5974232212652392,-0.00399241632494024,0.011684091797597286,0.00032987100119787126
297,6,21,474.0,880.0,0.04334506437734556,-0.3627102472861405,-0.004067202218129473,0.01187448017409817,0.00039913867720637675
298,6,22,474.0,900.0,0.054242201168117885,-0.12523699222401502,-0.004094208878375968,0.01196168745235068,0.0004642578760614027
299,6,23,474.0,920.0,0.06479916497222186,0.11292365224766088,-0.004073200906246811,0.011943724593326734,0.0005239003011679981
300,6,24,474.0,940.0,0.07475086769998229,0.349687320160346,-0.004004967423474204,0.011821399832587917,0.0005768466896840618
301,6,25,474.0,960.0,0.08383356063042066,0.5830128188910086,-0.0038912903199076155,0.011598317608125784,0.000622021464481581
302,6,26,474.0,980.0,0.0917891475966966,0.810956776802715,-0.0037349130750646206,0.011280873321194583,0.0006585274365937112
303,6,27,474.0,1000.0,0.09836949817154772,1.0317282908852023,-0.0035395100713847966,0.010878244268549893,0.0006856803771566402
304,6,28,474.0,1020.0,0.10334076085273161,1.2437435743954681,-0.0033096562945361873,0.010402377347441401,0.0007030432926049734
305,6,29,474.0,1040.0,0.10648767624846603,1.4456806044983463,-0.003050797296894677,0.009867974397642412,0.0007104602630877896
306,6,30,474.0,1060.0,0.10761789026286979,1.636533769907089,-0.0027692192829651087,0.009292476307734304,0.0007080897417395991
307,6,31,474.0,1080.0,0.10656626728140375,1.815668518523949,-0.002472019159390998,0.008696047275797762,0.0006964372615662392
308,6,32,474.0,1100.0,0.1031992033563116,1.982876005080761,-0.0021670743766593822,0.008101560877597879,0.0006763875572898311
309,6,33,474.0,1120.0,0.09741893939206073,2.1384277387795203,-0.00186301237400058,0.007534589858285295,0.0006492361815402513
310,6,34,474.0,1140.0,0.08916787433078294,2.2831302309329686,-0.0015691794226614015,0.007023401826569363,0.0006167207782820149
311,6,35,474.0,1160.0,0.07843287833771569,2.4183796426051702,-0.0012956086450467894,0.006598963293254741,0.0005810522713258567
312,6,36,474.0,1180.0,0.06524960598664233,2.5462164322520944,-0.0010529869675306516,0.006294954758967709,0.0005449463321928839
313,6,37,474.0,1200.0,0.049706809445333566,2.6693800033622015,-0.0008526207423841471,0.006147799818832045,0.0005116556094776644
314,6,38,474.0,1220.0,0.03195065166098786,2.7913633520970182,-0.0007063997486105433,0.006196711514790308,0.0004850033311912962
315,6,39,474.0,1240.0,0.012189019545672482,2.9164677149317186,-0.0006267592518622267,0.0064837594292009295,0.0004694190323621911
316,6,40,474.0,1260.0,-0.009304162838235593,3.0498572162957087,-0.0006266397693993049,0.0070539612762753065,0.000469977312424002
317,6,41,474.0,1280.0,-0.032184621092609056,3.1976135162132096,-0.0007194441465825873,0.007955403010854258,0.0004924406906339218
318,6,42,474.0,1300.0,-0.056033417298129246,3.3667904579438295,-0.000918991506028565,0.009239391736958997,0.0005433078029339412
319,6,43,474.0,1320.0,-0.08035263682884523,3.565468715623158,-0.0012394675786422213,0.010960645961484534,0.0006298683702981379
320,6,44,474.0,1340.0,-0.10456107516673323,3.8028104419033326,-0.0016953708666371727,0.013177528001339785,0.0007602665666964631
321,6,45,474.0,1360.0,-0.12798992471625553,4.089113915593632,-0.0023014540217037105,0.015660614505578613,0.0009336609313787953
322,7,0,494.0,460.0,-0.07915143365784838,-3.952228852984769,-0.0034602659208965987,0.013217409063213921,0.0005096702237134608
323,7,1,494.0,480.0,-0.060512739644318136,-3.709978489177429,-0.0025810064509653487,0.011156272644181457,0.00010947750318740888
324,7,2,494.0,500.0,-0.04847522637071871,-3.5084514399922093,-0.001914234313055634,0.009334274649916893,-0.00016991535363306101
325,7,3,494.0,520.0,-0.04179064923052631,-3.338338339648396,-0.00143485500277454,0.007957766700857266,-0.000336759021191796
326,7,4,494.0,540.0,-0.03933182919920528,-3.1913983502507492,-0.0011189701140647218,0.0069724419317644,-0.0004135341549251006
327,7,5,494.0,560.0,-0.0400878032672575,-3.0604062765203075,-0.0009439594466112412,0.0063273633886973745,-0.00042008537213268307
328,7,6,494.0,580.0,-0.043158974873272214,-2.9390996805252203,-0.0008885320589040166,0.0059747683264226616,-0.0003738303705133644
329,7,7,494.0,600.0,-0.047752264336975575,-2.8221259964115535,-0.0009327533442786961,0.005869909589357878,-0.0002899423310551614
330,7,8,494.0,620.0,-0.05317625929228062,-2.7049896451341295,-0.0010580540182847198,0.005970929697061519,-0.00018151099757005907
331,7,9,494.0,640.0,-0.05883636512033652,-2.5839991491873318,-0.0012472258487814514,0.006238763502063396,-5.968715398410772e-05
332,7,10,494.0,660.0,-0.06422995538257867,-2.45621424733593,-0.0014844080279617796,0.006637065534611549,6.61854111741983e-05
333,7,11,494.0,680.0,-0.06894152225377802,-2.3193930093459008,-0.001755067270767331,0.007132158395696057,0.00018844695579756812
334,7,12,494.0,700.0,-0.07263782695509105,-2.1719389507152522,-0.002045974019610815,0.00769299880649133,0.00030100490608916356
335,7,13,494.0,720.0,-0.07506305018710921,-2.0128481474048314,-0.0023451765336787987,0.008291158169139971,0.00039922061779838866
336,7,14,494.0,740.0,-0.07603394256290884,-1.8416563505691594,-0.0026419741350727963,0.008900814740585303,0.00047979781890199316
337,7,15,494.0,760.0,-0.07543497504110053,-1.6583861012872438,-0.002926890466377715,0.009498754767941752,0.0005406712099316747
338,7,16,494.0,780.0,-0.07321348935887918,-1.4634938452933983,-0.0031916472776448187,0.010064380180672967,0.0005808940927415205
339,7,17,494.0,800.0,-0.06937484846507336,-1.2578170477080681,-0.003429138997961359,0.010579720681632395,0.0006005242535858582
340,7,18,494.0,820.0,-0.06397758695319516,-1.0425213077686435,-0.0036334081504709333,0.011029448325801564,0.000600507641944538
341,7,19,494.0,840.0,-0.05712856149448981,-0.8190474735602855,-0.0037996215326278086,0.0114008929223444,0.0005825596625850778
342,7,20,494.0,860.0,-0.048978101270985314,-0.5890587567467428,-0.003924046998334616,0.011684056842378414,0.0005490441348917495
343,7,21,494.0,880.0,-0.03971515840854244,-0.35438784730117756,-0.004004030638146407,0.011871628061645836,0.0005028501705188695
344,7,22,494.0,900.0,-0.029562458409903798,-0.11698402823697526,-0.004037974150644909,0.011958990514049599,0.0004472673779408329
345,7,23,494.0,920.0,-0.01877165058774411,0.12113970966142315,-0.004025312225115191,0.011944231078802362,0.0003858599204734003
346,7,24,494.0,940.0,-0.0076184584977195295,0.3579595531077109,-0.003966489805512758,0.011828142770718773,0.0003223400328303128
347,7,25,494.0,960.0,0.00360216962848247,0.5914937515828875,-0.0038629391711126767,0.011614223949963105,0.0002604416402562834
348,7,26,494.0,980.0,0.014580910450093704,0.8198555026044454,-0.003717056842903475,0.011308673614347415,0.00020379472374141804
349,7,27,494.0,1000.0,0.024998915084215048,1.041305836995542,-0.0035321803994475534,0.010920383084057508,0.0001558010347737302
350,7,28,494.0,1020.0,0.03453265867276739,1.2543065041541868,-0.0033125653542968817,0.010460924635466232,0.00011951168352514091
351,7,29,494.0,1040.0,0.04285878994944158,1.457572857322416,-0.0030633623018474624,0.00994453788747606,9.750700529252307e-05
352,7,30,494.0,1060.0,0.04965898080664883,1.6501267388554757,-0.002790594572459125,0.009388114990615573,9.177895142875142e-05
353,7,31,494.0,1080.0,0.05462477586247112,1.831349365490999,-0.0025011366434783237,0.008811185915896334,0.00010361605289948074
354,7,32,494.0,1100.0,0.05746244202761137,2.001034213618187,-0.0022026935232008884,0.008235905387219534,0.00013349076698957157
355,7,33,494.0,1120.0,0.0578978180723438,2.1594399045469883,-0.0019037812525194927,0.007687043247903749,0.0001809487405581928
356,7,34,494.0,1140.0,0.05568116419346432,2.3073430897772798,-0.0016137085467366303,0.007191980298687757,0.00024449920660467745
357,7,35,494.0,1160.0,0.050592011581240943,2.446091336268046,-0.0013425594205086265,0.00678071189134447,0.0003215053747570541
358,7,36,494.0,1180.0,0.042444011986363744,2.5776560117065523,-0.0011011763948393513,0.006485861808825376,0.0004080732806324098
359,7,37,494.0,1200.0,0.031089787286895612,2.7046851697775414,-0.0009011435691843483,0.006342709209635231,0.0004989371238432863
360,7,38,494.0,1220.0,0.0164257790552223,2.830556435432392,-0.0007547684467767163,0.0063892316609213805,0.0005873386497358568
361,7,39,494.0,1240.0,-0.0016029018749972711,2.959429890158315,-0.0006750609199657436,0.006666167531543407,0.0006648976157452368
362,7,40,494.0,1260.0,-0.022997625841880392,3.096300957247523,-0.000675707247387783,0.007217101263170656,0.0007214698295396824
363,7,41,494.0,1280.0,-0.04770139478837067,3.2470532870664184,-0.0007710361788865034,0.008088575284238604,0.000744988652899743
364,7,42,494.0,1300.0,-0.07559399269528738,3.4185116423247655,-0.0009759735999863517,0.009330232578376767,0.0007212852325390907
365,7,43,494.0,1320.0,-0.10648713601437532,3.6184947833448757,-0.0013059811681190247,0.010994994165703627,0.0006338820468228587
366,7,44,494.0,1340.0,-0.14011962410135426,3.855868353330781,-0.0017769733904280409,0.013139276002166064,0.0004637536455750904
367,7,45,494.0,1360.0,-0.176152489648969,4.140597763637426,-0.002405206440551165,0.015540993250621532,0.00018348621031715693
368,8,0,514.0,460.0,-0.14818221645566726,-3.947033279728766,-0.003283880535246984,0.012282308735867374,0.001298663520343931
369,8,1,514.0,480.0,-0.11264554623694002,-3.719942416568883,-0.0025298364242898217,0.010559655777060813,0.0005371674259473431
370,8,2,514.0,500.0,-0.08775874711798039,-3.5268990952539725,-0.0019558106543086755,0.009039723830809629,1.4903086252900343e-05
371,8,3,514.0,520.0,-0.07179132775272164,-3.359993863685136,-0.0015409711560592876,0.007897909279832636,-0.0002949997582611415
372,8,4,514.0,540.0,-0.06316094535469359,-3.2122280108508052,-0.0012651193528478513,0.007088118614799483,-0.0004370840735559525
373,8,5,514.0,560.0,-0.06042817903895442,-3.077468490439113,-0.0011089603342467843,0.0065670520268999045,-0.00045051118772305
374,8,6,514.0,580.0,-0.06229130316402262,-2.9504028444502866,-0.0010542707511889187,0.0062940588704134175,-0.00036947854109684004
375,8,7,514.0,600.0,-0.06758106067380881,-2.8264941268090165,-0.0010839911248747257,0.006231020414186827,-0.0002235883944200796
376,8,8,514.0,620.0,-0.07525543643954814,-2.70193582697686,-0.0011822643594768198,0.006342256672586543,-3.817735227933133e-05
377,8,9,514.0,640.0,-0.08439443060173181,-2.5736067935646023,-0.0013344379186047324,0.006594454286671333,0.00016538466147277155
378,8,10,514.0,660.0,-0.09419483191203934,-2.4390261579446504,-0.0015270433356486324,0.006956612606510742,0.0003694184885853752
379,8,11,514.0,680.0,-0.10396499107527037,-2.2963082578634135,-0.0017477634462013927,0.007400005305756556,0.000559676471330281
380,8,12,514.0,700.0,-0.11311959409127677,-2.144117561053685,-0.001985394924511866,0.00789815503975186,0.0007250944332165718
381,8,13,514.0,720.0,-0.12117443559689445,-1.9816235888470228,-0.0022298113430964765,0.008426818838643685,0.0008575504357101021
382,8,14,514.0,740.0,-0.12774119220787553,-1.8084558397861348,-0.0024719300229791405,0.00896398210714463,0.0009516267041327283
383,8,15,514.0,760.0,-0.13252219586082015,-1.6246587132372639,-0.0027036843692890065,0.009489859282769426,0.0010043719073700142
384,8,16,514.0,780.0,-0.13530520715510846,-1.4306464330025612,-0.002918002160869398,0.009986899384550751,0.0010150616959650216
385,8,17,514.0,800.0,-0.13595818869483278,-1.227157970932479,-0.0031087893508877206,0.010439794864420081,0.0009849560516149236
386,8,18,514.0,820.0,-0.1344240784307292,-1.0152119705381446,-0.0032709183059326627,0.010835492353618628,0.000917052578019924
387,8,19,514.0,840.0,-0.13071556300211,-0.7960616706037497,-0.0034002190314898918,0.011163204076682995,0.0008158353684584606
388,8,20,514.0,860.0,-0.12490985107879518,-0.5711498287989264,-0.003493471769748295,0.011414418885730492,0.0006870195193798157
389,8,21,514.0,880.0,-0.11714344670304497,-0.34206364529113736,-0.003548399379153935,0.011582912047948939,0.0005372917217145127
390,8,22,514.0,900.0,-0.10760692263149105,-0.11048968635805012,-0.0035636580817455573,0.011664753099375369,0.0003740476525048021
391,8,23,514.0,920.0,-0.0965396936770695,0.12183119200007489,-0.003538825461822471,0.011658311258227985,0.00020512710885175225
392,8,24,514.0,940.0,-0.08422479005095167,0.3531489204480059,-0.0034743849856599253,0.011564258071235988,3.854797406149843e-05
393,8,25,514.0,960.0,-0.0709836307044771,0.5817492927031521,-0.0033717067545473815,0.011385567146591391,-0.00011775981774733317
394,8,26,514.0,980.0,-0.057170796671084864,0.8059990419231879,-0.003233024670128737,0.011127511007326809,-0.0002562191474422302
395,8,27,514.0,1000.0,-0.04316880440824599,1.0243909170936625,-0.0030614106496188306,0.010797655279103424,-0.00036986830258490936
396,8,28,514.0,1020.0,-0.029382879139395107,1.2355887594156252,-0.0028607469467051613,0.010405850606572961,-0.00045262032869649617
397,8,29,514.0,1040.0,-0.01623572819586263,1.4384725786932393,-0.002635697979565607,0.009964222872657072,-0.000499518383378978
398,8,30,514.0,1060.0,-0.00416231435880644,1.6321836297213992,-0.0023916833081901534,0.009487162475268408,-0.0005069866177515802
399,8,31,514.0,1080.0,0.006395370798855705,1.8161694886733477,-0.002134853506834843,0.008991313596176592,-0.00047307646232760253
400,8,32,514.0,1100.0,0.014993533570514639,1.9902291294882977,-0.0018720706117074217,0.00849556457690224,-0.0003977086186319061
401,8,33,514.0,1120.0,0.021191804773937423,2.1545580002590428,-0.0016108945566344595,0.008021040696702796,-0.00028291155354151146
402,8,34,514.0,1140.0,0.024558466409335733,2.309793099619581,-0.001359576508236754,0.007591100827893275,-0.0001330578605215873
403,8,35,514.0,1160.0,0.024675678317433634,2.4570580531327306,-0.001127059244791689,0.007231339623924455,4.4899509373250764e-05
404,8,36,514.0,1180.0,0.021144704837535652,2.598008189677743,-0.0009229836572357466,0.0069695970758224535,0.00024118843365733233
405,8,37,514.0,1200.0,0.013591141465594939,2.7348756178379294,-0.0007576990544054983,0.00683597745277161,0.0004429727269441369
406,8,38,514.0,1220.0,0.0016701415122811515,2.870514302288272,-0.0006422731953789605,0.006862879822803596,0.0006340968238401618
407,8,39,514.0,1240.0,-0.014928357238951535,3.008445140183042,-0.0005884958174092482,0.007085042529735855,0.0007948147634658786
408,8,40,514.0,1260.0,-0.03647440587379617,3.1529010375434146,-0.0006088668461867563,0.007539604182681639,0.0009014972066318754
409,8,41,514.0,1280.0,-0.0631928176890253,3.3088719856450974,-0.0007165574337726402,0.008266183894633324,0.0009263091489546
410,8,42,514.0,1300.0,-0.09525794153442285,3.4821501374059345,-0.0009253284362630659,0.009306983686802155,0.0008368498539453988
411,8,43,514.0,1320.0,-0.1327884351547159,3.6793748837735336,-0.0012493868858183851,0.010706916155576342,0.0005957453193476808
412,8,44,514.0,1340.0,-0.17584203853150682,3.908077930112875,-0.0017031563978721139,0.012513760679139365,0.00016018230773075367
413,8,45,514.0,1360.0,-0.22441034722520542,4.176728372593942,-0.002300932251869075,0.014538629800124702,-0.0005198003915988493
414,9,0,534.0,460.0,-0.21072920676449425,-3.9300607370157503,-0.0028708733963916573,0.010798530005903773,0.0018972119703781383
415,9,1,534.0,480.0,-0.16183819470681396,-3.7270957152556794,-0.0023214443421265044,0.0096074016156822,0.0009070208298849443
416,9,2,534.0,500.0,-0.12680358057304822,-3.547680400296477,-0.0019057614871841456,0.00856173174386842,0.0002239563567910582
417,9,3,534.0,520.0,-0.10350564602759114,-3.3861222652490035,-0.0016080138348419527,0.0077877962786252475,-0.0001877606334660363
418,9,4,534.0,540.0,-0.08999512717699472,-3.2373889943867526,-0.0014125535923896555,0.007252382779727157,-0.000385231860548991
419,9,5,534.0,560.0,-0.08448766668116689,-3.0970758231750923,-0.001304323542050767,0.006924217401162993,-0.00041872707771854837
420,9,6,534.0,580.0,-0.08535826586457028,-2.96137287830051,-0.0012691193296723573,0.0067738850067775025,-0.00033216701297241667
421,9,7,534.0,600.0,-0.09113573682742063,-2.8270325176998505,-0.0012937308679373035,0.0067737641738439495,-0.0001635603905559149
422,9,8,534.0,620.0,-0.10049715455688539,-2.691336670589574,-0.001365998810142733,0.006897975355174329,5.4595681110890414e-05
423,9,9,534.0,640.0,-0.11226230903828224,-2.5520641774949824,-0.001474814779834708,0.007122340566399133,0.00029494382133476044
424,9,10,534.0,660.0,-0.12538815736627773,-2.4074581302794766,-0.0016100876859527686,0.007424353061076309,0.0005349159398953551
425,9,11,534.0,680.0,-0.13896327585608545,-2.2561932121737938,-0.001762692957779652,0.007783155552317271,0.0007563982188995669
426,9,12,534.0,700.0,-0.15220231215466506,-2.097343037805252,-0.0019244168440719668,0.008179525635643016,0.0009454064317351644
427,9,13,534.0,720.0,-0.16444043735192052,-1.9303474932269962,-0.0020879039814275246,0.00859586716381212,0.0010917673993205551
428,9,14,534.0,740.0,-0.17512779809189866,-1.754980075947238,-0.0022466131933852073,0.009016206420388606,0.0011888031985319856
429,9,15,534.0,760.0,-0.18382396868398773,-1.5713152349585053,-0.002394783879114313,0.009426192034845335,0.0012330154848526579
430,9,16,534.0,780.0,-0.19019240321411604,-1.3796957107668786,-0.0025274133339930624,0.00981309767802504,0.0012237679709298096
431,9,17,534.0,800.0,-0.19399488765595033,-1.1806998754212432,-0.0026402438590609908,0.010165826672809046,0.0011629657148469826
432,9,18,534.0,820.0,-0.19508599198209423,-0.9751090725425257,-0.0027297575074181537,0.01047491775087023,0.0010547304165170674
433,9,19,534.0,840.0,-0.19340752227528726,-0.7638749573529432,-0.002793175728295961,0.010732551282414028,0.0009050713976803
434,9,20,534.0,860.0,-0.18898297283960253,-0.5480868367052412,-0.0028284609489009137,0.010932555401838481,0.0007215523505474704
435,9,21,534.0,880.0,-0.18191197831164657,-0.3289390091119454,-0.002834317225394265,0.01107041154827159,0.0005129542821641513
436,9,22,534.0,900.0,-0.1723647657717563,-0.10769810477459794,-0.0028101874426780297,0.011143259035971104,0.0002889353560854522
437,9,23,534.0,920.0,-0.16057660685519884,0.11432957438699445,-0.0027562450931722954,0.011149898365598819,5.968853994355873e-05
438,9,24,534.0,940.0,-0.14684226986336915,0.3358307147055195,-0.0026733793626502063,0.011090793083409172,-0.00016440189303845577
439,9,25,534.0,960.0,-0.13151047187498935,0.555517650736911,-0.0025631730416067694,0.010968070091418657,-0.00037310388858307887
440,9,26,534.0,980.0,-0.11497833085730658,0.7721610252311115,-0.0024278736087362226,0.010785518407649486,-0.0005566800375130437
441,9,27,534.0,1000.0,-0.09768581777729186,0.9846224491028219,-0.0022703586440406013,0.01054858647156849,-0.000706227842184749
442,9,28,534.0,1020.0,-0.08011020871283875,1.191887161402263,-0.002094097468050568,0.010264378185869226,-0.0008140168924750432
443,9,29,534.0,1040.0,-0.06276053696396156,1.3930966892859278,-0.0019031115157686614,0.009941647981772089,-0.0008738222187312459
444,9,30,534.0,1060.0,-0.04617204516399399,1.5875815079873408,-0.0017019363844060767,0.009590795291044788,-0.0008812533547508877
445,9,31,534.0,1080.0,-0.030900637390787848,1.774893700787812,-0.0014955886879373685,0.009223858903972301,-0.0008340789770357436
446,9,32,534.0,1100.0,-0.01751733127791136,1.9548396189871944,-0.0012895407541038007,0.008854511788532778,-0.0007325473872638518
447,9,33,534.0,1120.0,-0.006602710125847809,2.1275125418746383,-0.001089705755916291,0.008498057042062891,-0.0005797035731438107
448,9,34,534.0,1140.0,0.0012586249868059875,2.2933253366993505,-0.0009024350251035989,0.008171425742723183,-0.0003817041185577415
449,9,35,534.0,1160.0,0.005483603092141069,2.4530431186413497,-0.0007345279944813826,0.0078931775641009,-0.0001481318371622667
450,9,36,534.0,1180.0,0.00549623122173782,2.6078159107822168,-0.0005932534050436819,0.007683505112315976,0.00010768732559836718
451,9,37,534.0,1200.0,0.0007331422954675038,2.7592113040758632,-0.0004863780368609983,0.007564243041021039,0.00036836183880712575
452,9,38,534.0,1220.0,-0.009350856989706308,2.909247117319274,-0.00042219622576914536,0.007558883095715156,0.0006121024916299334
453,9,39,534.0,1240.0,-0.025277238270926372,3.0604240571232744,-0.0004095497555111767,0.007692596334817606,0.000812375695676755
454,9,40,534.0,1260.0,-0.04753820363064007,3.215758377883278,-0.0004578233126116392,0.007992263870974514,0.0009375362808623812
455,9,41,534.0,1280.0,-0.07659113770779823,3.3788145417500512,-0.0005768955039789081,0.008486517572099119,0.0009504328730705654
456,9,42,534.0,1300.0,-0.1128530598090535,3.55373787860046,-0.0007770194102080925,0.009205792257673196,0.0008079778660123361
457,9,43,534.0,1320.0,-0.15669507601995877,3.7452872460082363,-0.0010685997259547808,0.010182391021863987,0.0004606728562357291
458,9,44,534.0,1340.0,-0.20843683131616586,3.958867689214721,-0.001461825667729259,0.011450565411039046,-0.00014792080071111
459,9,45,534.0,1360.0,-0.2683409616746243,4.200563101099638,-0.001966109954182748,0.012874524392247167,-0.001079368609123623
460,10,0,554.0,460.0,-0.26320255304887313,-3.9070035261303198,-0.0023762322172669304,0.009143041173090553,0.0021618646577012328
461,10,1,554.0,480.0,-0.2056128864154213,-3.731005559604559,-0.0020474383130726546,0.008542734138397633,0.0011737939152696353
462,10,2,554.0,500.0,-0.1640819861514316,-3.5668631649951053,-0.001807494190756883,0.008024437938047503,0.0004726914201946459
463,10,3,554.0,520.0,-0.13619671975903877,-3.4113653975500524,-0.0016441663646454279,0.007659291639189393,3.1238201168700236e-05
464,10,4,554.0,540.0,-0.11973366405722512,-3.2616802914274245,-0.0015455017889998012,0.0074282895218951255,-0.0002038517814618037
465,10,5,554.0,560.0,-0.11265313830727942,-3.1153361617824564,-0.0015001690491640697,0.007313498102121539,-0.0002796629642054614
466,10,6,554.0,580.0,-0.11309323733825527,-2.9702029068548663,-0.0014976601937554423,0.007298023240771435,-0.0002374602823696876
467,10,7,554.0,600.0,-0.1193638646724298,-2.824473310056133,-0.0015283909647147355,0.007365983016882246,-0.00011304803000012191
468,10,8,554.0,620.0,-0.12994076565076249,-2.6766443420567834,-0.0015837300862534562,0.007502485730126983,6.288970632600521e-05
469,10,9,554.0,640.0,-0.1434595605583534,-2.525498462873654,-0.001655982017429574,0.0076936124315159825,0.00026446282881715947
470,10,10,554.0,660.0,-0.1587097777499023,-2.370084923957178,-0.0017383421086411281,0.007926403414895623,0.0004702595830582641
471,10,11,554.0,680.0,-0.17462888677516678,-2.2097010702786615,-0.0018248383821314904,0.008188848135547334,0.0006630383776054765
472,10,12,554.0,700.0,-0.19029633150442124,-2.0438736424175574,-0.0019102701330389086,0.00846987805589474,0.0008294244582574014
473,10,13,554.0,720.0,-0.2049275632539153,-1.8723400786487454,-0.00199015017298221,0.008759361952034516,0.0009596092889888878
474,10,14,554.0,740.0,-0.21786807391133267,-1.6950298170298082,-0.002060654765040458,0.0090481032485124,0.0010470509182187305
475,10,15,554.0,760.0,-0.22858742906124943,-1.512045597488308,-0.002118583079643385,0.0093278389824722,0.0010881740001412296
476,10,16,554.0,780.0,-0.23667330111059298,-1.323644763909064,-0.0021613262877278046,0.009591240032011944,0.0010820684962816038
477,10,17,554.0,800.0,-0.2418255024141005,-1.1302205662214309,-0.002186845152919249,0.009831912277287943,0.0010301864022381501
478,10,18,554.0,820.0,-0.24385001839977746,-0.9322834624865732,-0.002193654140854229,0.01004439839661352,0.0009360361287486184
479,10,19,554.0,840.0,-0.24265304069435675,-0.7304424209847462,-0.002180809583452856,0.010224180033505812,0.0008048744147657716
480,10,20,554.0,860.0,-0.23823500024875607,-0.5253862223025683,-0.0021478992713707588,0.010367680104340192,0.000643395863146299
481,10,21,554.0,880.0,-0.2306846004635388,-0.31786476142030395,-0.002095030951389231,0.010472265049978509,0.00045942036684926515
482,10,22,554.0,900.0,-0.22017285031437,-0.10867034979913479,-0.0020228175295298983,0.010536246868443363,0.00026157883520389405
483,10,23,554.0,920.0,-0.20694709747747697,0.10138098253155853,-0.0019323572775913115,0.01055888479941712,5.8997735843129936e-05
484,10,24,554.0,940.0,-0.1913250614551069,0.3114681848869223,-0.0018252079629856553,0.010540386565050958,-0.00013901696169220677
485,10,25,554.0,960.0,-0.17368886670098574,0.5207838838393497,-0.0017033545215911104,0.010481909105275265,-0.0003232958198929832
486,10,26,554.0,980.0,-0.15447907574577716,0.728553081131208,-0.0015691706232151565,0.010385558779509084,-0.0004851213248263732
487,10,27,554.0,1000.0,-0.13418872232254056,0.9340518515875549,-0.0014253751915727737,0.010254391040373052,-0.0006165420518211845
488,10,28,554.0,1020.0,-0.11335734449219013,1.1366260410288684,-0.0012749855878075316,0.010092409618716224,-0.0007106850939323147
489,10,29,554.0,1040.0,-0.09256501776895354,1.3357099641837649,-0.0011212697009089835,0.009904565292973466,-0.0007620663495523945
490,10,30,554.0,1060.0,-0.07242638824582999,1.5308451026017242,-0.0009676995622931823,0.009696754349577084,-0.0007668984088969273
491,10,31,554.0,1080.0,-0.05358470572004957,1.7216988025658113,-0.0008179092677007161,0.00947581687485196,-0.0007233959580743171
492,10,32,554.0,1100.0,-0.036705856818531286,1.9080829730054008,-0.0006756598998146966,0.009249535052530265,-0.0006320788340657703
493,10,33,554.0,1120.0,-0.022472398123342164,2.089972783408897,-0.0005448137519961391,0.009026631674728117,-0.0004960731141809114
494,10,34,554.0,1140.0,-0.01157758929715546,2.267525361736459,-0.00042931940966217593,0.008816769107932923,-0.00032141090942356646
495,10,35,554.0,1160.0,-0.004719426208709569,2.4410984923327255,-0.0003332081034801821,0.008630548989256043,-0.00011732985269881282
496,10,36,554.0,1180.0,-0.0025946740582665356,2.6112693138395304,-0.0002606001601042164,0.008479512961912895,0.00010342637008377157
497,10,37,554.0,1200.0,-0.00589290050307064,2.7788530171086347,-0.0002157182940257083,0.00837614479259763,0.0003243047052033236
498,10,38,554.0,1220.0,-0.015290508782807112,2.944921543114442,-0.0002029018606342496,0.008333874247126722,0.0005246344634312092
499,10,39,554.0,1240.0,-0.031444770845060796,3.110822280866728,-0.00022661297817307211,0.00836708313443198,0.0006793114662504096
500,10,40,554.0,1260.0,-0.054987860470774474,3.2781967653233535,-0.0002914215773135797,0.008491113962689978,0.0007584714731621339
501,10,41,554.0,1280.0,-0.08652088639970798,3.4489993753030026,-0.00040195190395054647,0.00872228168508056,0.0007271492219877233
502,10,42,554.0,1300.0,-0.12660792545589641,3.625516031397888,-0.0005627677359204928,0.009077889046374566,0.000544918843183593
503,10,43,554.0,1320.0,-0.1757700556731089,3.810382893886488,-0.0007781675300568057,0.009576246075256556,0.00016551080266843224
504,10,44,554.0,1340.0,-0.23447938942030716,4.006605060646259,-0.0010518538447024867,0.010236694300994532,-0.00046360011448329377
505,10,45,554.0,1360.0,-0.3031531065271045,4.21757526506637,-0.0013864336368915374,0.010983585403421418,-0.0013972361095181585
506,11,0,574.0,460.0,-0.305913424260028,-3.8884161800090453,-0.002034540302207579,0.00793458435052559,0.001975912403808568
507,11,1,574.0,480.0,-0.2438200489983501,-3.7320673404747966,-0.0018484230076682628,0.007771247729497749,0.0013238671888210055
508,11,2,574.0,500.0,-0.19918101744345162,-3.578906124344415,-0.0017287983371838556,0.0076428336706654745,0.0008091384318915038
509,11,3,574.0,520.0,-0.1693479773582722,-3.427582209702128,-0.001663254043179388,0.007579057534000873,0.0004390159748292492
510,11,4,574.0,540.0,-0.1518826001248751,-3.276911794429153,-0.001640477444771556,0.007571457002209576,0.00018791257644473053
511,11,5,574.0,560.0,-0.14454988547098951,-3.125869498432531,-0.001650270413816242,0.007612054837635433,3.2968241109814636e-05
512,11,6,574.0,580.0,-0.14531146619655566,-2.9735802658739448,-0.0016835384009361556,0.007693342746725016,-4.6090586364593085e-05
513,11,7,574.0,600.0,-0.15231891290026725,-2.819311267398554,-0.0017322607486599257,0.00780826760312304,-6.708935588349136e-05
514,11,8,574.0,620.0,-0.16390703870611614,-2.662463802363823,-0.0017894481467100026,0.007950219812521477,-4.55419287896126e-05
515,11,9,574.0,640.0,-0.1785872039899356,-2.50256520106835,-0.0018490918598409465,0.008113023612043944,5.2141648149849075e-06
516,11,10,574.0,660.0,-0.19504062110594414,-2.3392607269806924,-0.0019061082918313795,0.008290929106607982,7.388325576798186e-05
517,11,11,574.0,680.0,-0.21211165911328903,-2.1723054789681933,-0.00195628153065113,0.008478605854367223,0.00015107746098905618
518,11,12,574.0,700.0,-0.22880114850259028,-2.001556293525818,-0.0019962057398393,0.008671137822996507,0.00022918268744207844
519,11,13,574.0,720.0,-0.24425968592248426,-1.826963647004976,-0.0020232286101181008,0.008864019548242097,0.00030222446739841866
520,11,14,574.0,740.0,-0.2577809389061674,-1.6485635578423485,-0.002035396553610867,0.009053153335819098,0.00036573344073719596
521,11,15,574.0,760.0,-0.2687949505979396,-1.4664694887887213,-0.0020314019011094704,0.00923484735739936,0.0004166103574240669
522,11,16,574.0,780.0,-0.27686144447974875,-1.2808642491378084,-0.002010532041026133,0.00940581450109197,0.00045299052486655144
523,11,17,574.0,800.0,-0.2816631290977334,-1.0919918969550853,-0.001972620207346009,0.009563171846479314,0.0004741076705504624
524,11,18,574.0,820.0,-0.2829990027887672,-0.9001496413066116,-0.001917997473449654,0.009704440643931195,0.0004801572302197801
525,11,19,574.0,840.0,-0.2807776584070026,-0.705679744487865,-0.0018474454294773982,0.009827546687579916,0.00047215910587042076
526,11,20,574.0,860.0,-0.2750105880504135,-0.5089614242525644,-0.0017621490033401337,0.009930820980999133,0.0004518199659869463
527,11,21,574.0,880.0,-0.2658054877873413,-0.3104027560415033,-0.0016636489199222295,0.010013000604289321,0.0004213951827610825
528,11,22,574.0,900.0,-0.25335956238303564,-0.11043257521137335,-0.0015537933698515358,0.010073229700932853,0.00038355051749052
529,11,23,574.0,920.0,-0.23795283002620055,0.0905076207364038,-0.0014346885688076528,0.01011106051244149,0.0003412236759674932
530,11,24,574.0,940.0,-0.21994142705553665,0.29197176992685014,-0.0013086480210824862,0.010126454398479584,0.00029748586042789143
531,11,25,574.0,960.0,-0.19975091268628561,0.49351734388260193,-0.001178140447375301,0.010119782789805847,0.0002554034435434881
532,11,26,574.0,980.0,-0.17786957373677373,0.6947134452950829,-0.0010457364869776314,0.010091828031036856,0.00021789988300269112
533,11,27,574.0,1000.0,-0.15484172935495544,0.8951489057956734,-0.0009140544289605009,0.01004378407989559,0.00018761798243833528
534,11,28,574.0,1020.0,-0.13126103574495732,1.0944403837268841,-0.0007857053560966482,0.009977257039268191,0.0001667825858248077
535,11,29,574.0,1040.0,-0.10776379089362152,1.2922404619135277,-0.0006632381894133152,0.009894265508052048,0.00015706376798167842
536,11,30,574.0,1060.0,-0.08502223929704943,1.4882457454338893,-0.0005490851908554086,0.00979724074643881,0.00015944055348560295
537,11,31,574.0,1080.0,-0.06373787668714587,1.682204959390899,-0.00044550850692415,0.00968902666093563,0.00017406516010861505
538,11,32,574.0,1100.0,-0.04463475475816222,1.8739270466833042,-0.0003545483077215749,0.00957287962408787,0.00020012772086695213
539,11,33,574.0,1120.0,-0.02845278589324056,2.063289265776839,-0.00027797298395579464,0.009452468153527136,0.0002357213908817045
540,11,34,574.0,1140.0,-0.01594104789095705,2.2502452884753987,-0.00021723169952501614,0.009331872484627881,0.00027770769152041843
541,11,35,574.0,1160.0,-0.00785108869186589,2.4348332976922102,-0.00017340934967896029,0.00921558408071614,0.00032158188470686537
542,11,36,574.0,1180.0,-0.004930231105042926,2.6171840852210018,-0.0001471836348340169,0.00910850513443447,0.00036133810485538013
543,11,37,574.0,1200.0,-0.007914877534629328,2.797529149507179,-0.00013878351827218807,0.00901594812352621,0.00038933390460559145
544,11,38,574.0,1220.0,-0.017523814706375318,2.976208793418993,-0.00014794778256291708,0.008943635493963134,0.00039615379340364123
545,11,39,574.0,1240.0,-0.034451518394184075,3.153680222018714,-0.0001738817249905448,0.008897699553000243,0.00037047126499699823
546,11,40,574.0,1260.0,-0.05936145814665497,3.330525640333799,-0.00021520922692743163,0.008884682664401688,0.00029890872108121136
547,11,41,574.0,1280.0,-0.09287940201362786,3.5074603511280706,-0.0002699164863431088,0.008911537847741489,0.0001658946036593317
548,11,42,574.0,1300.0,-0.13558672127272636,3.6853408526728852,-0.0003352826068622895,0.00898562989334273,-4.648305185262456e-05
549,11,43,574.0,1320.0,-0.18801369515590172,3.865172936518302,-0.0004077909813583901,0.009114737114080005,-0.00035862753711745477
550,11,44,574.0,1340.0,-0.25063281557597644,4.048119785264253,-0.0004830139833736899,0.009307053864928928,-0.0007935898715347728
551,11,45,574.0,1360.0,-0.3238520918531884,4.2355100703317285,-0.0005554618760714099,0.009533247662353231,-0.0013730456640404965
552,12,0,594.0,460.0,-0.3446705681958259,-3.8904141560402334,-0.0018371342039318291,0.008067647665301445,0.0015472653032781328
553,12,1,594.0,480.0,-0.2796182715016973,-3.7316263187141,-0.0017281899361999444,0.00788497668727878,0.0014198319180889786
554,12,2,594.0,500.0,-0.2332949375774297,-3.5764026852352417,-0.0016795357542331807,0.007737867985574567,0.0012051120173012541
555,12,3,594.0,520.0,-0.20278410731291102,-3.4233731431539858,-0.0016772589136700336,0.007656571004919429,0.0009608837131876157
556,12,4,594.0,540.0,-0.18540783997562382,-3.2713318623024845,-0.001708886965651716,0.0076326803855654175,0.0007029829111398572
557,12,5,594.0,560.0,-0.1787187025667585,-3.1192294592831704,-0.0017633947458452562,0.007658277159522567,0.00044491489154652614
558,12,6,594.0,580.0,-0.18049175917732588,-2.9661651619572074,-0.0018311810232650402,0.007725909595783899,0.00019800423147839865
559,12,7,594.0,600.0,-0.18871656034427006,-2.811378973932946,-0.001904022517080834,0.007828576825957735,-2.8462624079559324e-05
560,12,8,594.0,620.0,-0.2015891324065818,-2.6542438390543808,-0.001975011618509234,0.007959714997957005,-0.0002271007872328156
561,12,9,594.0,640.0,-0.21750396686141085,-2.494257805889605,-0.0020384829383135084,0.008113185716381761,-0.00039229514660059757
562,12,10,594.0,660.0,-0.23504600972017947,-2.3310361922192637,-0.002089932729982179,0.008283266539218086,-0.000520072323660915
563,12,11,594.0,680.0,-0.25298265086469457,-2.1643037495250073,-0.002125934305920942,0.008464643311463746,-0.000607975444749733
564,12,12,594.0,700.0,-0.2702557134032614,-1.9938868274779504,-0.0021440517605774904,0.008652404127278128,-0.0006549409355955821
565,12,13,594.0,720.0,-0.2859734430267956,-1.819705538427124,-0.0021427536319233546,0.008842034723240794,-0.0006611766653328208
566,12,14,594.0,740.0,-0.2994024973649373,-1.6417659218879292,-0.002121327562744262,0.009029415116289565,-0.0006280408789126045
567,12,15,594.0,760.0,-0.3099599353421626,-1.4601521090305962,-0.002079796557339139,0.009210817310897053,-0.0005579214607230904
568,12,16,594.0,780.0,-0.3172052065338976,-1.2750184871686339,-0.0020188370591009697,0.00938290391103048,-0.00045411516803683813
569,12,17,594.0,800.0,-0.32083214052263087,-1.0865818642472889,-0.001939698791649028,0.009542727483427313,-0.0003207065606243505
570,12,18,594.0,820.0,-0.32066093625402603,-0.895113633331998,-0.00184412610230397,0.009687730529706059,-0.00016244643250960317
571,12,19,594.0,840.0,-0.31663015139303546,-0.7009319370968439,-0.0017342804133449864,0.009815745935818332,1.5370376606686883e-05
572,12,20,594.0,860.0,-0.30878869168001205,-0.504393832313009,-0.001612663315262308,0.009924997778335614,0.0002070278492630048
573,12,21,594.0,880.0,-0.2972878002868238,-0.30588745433723336,-0.0014820398187207148,0.010014102378051124,0.0004065123411196248
574,12,22,594.0,900.0,-0.28237304717296474,-0.10582418160026406,-0.0013453613097801347,0.010082069502363775,0.0006076367711391254
575,12,23,594.0,920.0,-0.2643763184416694,0.09536919990468437,-0.0012056878176788422,0.010128303628898716,0.0008041653681855006
576,12,24,594.0,940.0,-0.24370780569602488,0.29725833213347974,-0.0010661092977754935,0.010152605193805729,0.000989938860038068
577,12,25,594.0,960.0,-0.22084799539508387,0.4994091205026132,-0.0009296657456665268,0.010155171759163683,0.001158999967775222
578,12,26,594.0,980.0,-0.1963396582099778,0.7013955694007485,-0.0007992660836490202,0.01013659904490633,0.0013057190535292458
579,12,27,594.0,1000.0,-0.1707798383800298,0.9028076177002639,-0.0006776058891844377,0.010097881781671671,0.001424919762742607
580,12,28,594.0,1020.0,-0.14481184306886707,1.1032589742687984,-0.0005670841584382507,0.010040414351964325,0.0015120045032722366
581,12,29,594.0,1040.0,-0.11911723172053451,1.3023949534807988,-0.0004697194079242558,0.009965991198006827,0.0015630796129884892
582,12,30,594.0,1060.0,-0.09440780541560675,1.4999003107290623,-0.0003870655053713787,0.009876806985643345,0.0015750800849012889
583,12,31,594.0,1080.0,-0.07141759622730198,1.6955070779362815,-0.0003201276787564768,0.009775456524646167,0.0015458937443166055
584,12,32,594.0,1100.0,-0.050894856577594245,1.8890023990665938,-0.00026927917160879107,0.009664934456761726,0.001474484806083084
585,12,33,594.0,1120.0,-0.033594048593326487,2.0802363656371203,-0.0002341789847922051,0.009548634733820883,0.001361016781628361
586,12,34,594.0,1140.0,-0.020267833462323512,2.2691298522295162,-0.0002136910616106261,0.009430349919224569,0.0012069747552129145
587,12,35,594.0,1160.0,-0.011659060789504905,2.4556823520015145,-0.00020580512586046478,0.009314270357102599,0.0010152871066390463
588,12,36,594.0,1180.0,-0.00849275795299781,2.6399798121984674,-0.00020755916297358318,0.009204983264431683,0.0007904468235500068
589,12,37,594.0,1200.0,-0.011468119460250017,2.8222024696648997,-0.00021496323425466586,0.009107471812383989,0.0005386326204360914
590,12,38,594.0,1220.0,-0.021250496304142635,3.0026326863560446,-0.00022292392501974695,0.009027114274165977,0.00026783016353104324
591,12,39,594.0,1240.0,-0.03846338531910326,3.1816627848493972,-0.00022516824078865657,0.008969683327593599,-1.2046209064895176e-05
592,12,40,594.0,1260.0,-0.06368041853721854,3.3598028838562506,-0.00021416517317392216,0.008941345611637118,-0.0002890307844630661
593,12,41,594.0,1280.0,-0.09741735254434747,3.537688733733254,-0.00018104245034327625,0.008948661647155432,-0.0005489821953696596
594,12,42,594.0,1300.0,-0.14012405783623408,3.7160895519939436,-0.00011549515751329987,0.00899858624302733,-0.0007754568554717632
595,12,43,594.0,1320.0,-0.19217650817462018,3.8959158588202984,-5.681952458404201e-06,0.0090984695198741,-0.0009495792790291757
596,12,44,594.0,1340.0,-0.2538687699433586,4.078227312574277,0.00016189649890634166,0.009256058694554254,-0.0010499083233001297
597,12,45,594.0,1360.0,-0.32540499150452595,4.264240545309373,0.0004025434895878262,0.009444629592519833,-0.0010509994415317174
